{
  "bobinaL1": {
    "L": 0.00243,
    "wd": 0.00012
  },
  "bobinaL2": {
    "L": 0.0056,
    "wd": 0.00041
  },
  "bobinaL3": {
    "L": 0.00095,
    "wd": 0.000117
  },
  "bobinaL4": {
    "L": 0.00023,
    "wd": 0.000228
  },
  "bobinaL5": {
    "L": 0.00013,
    "wd": 0.0002
  },
  "bobinaL6": {
    "L": 0.0008,
    "wd": 5.5E-5
  }
}